{
  "train_loss": [
    1.24033,
    0.74309,
    0.68618,
    0.66805,
    0.64605,
    0.64512,
    0.63108,
    0.63495,
    0.62961,
    0.62121,
    0.62334,
    0.62063,
    0.61407,
    0.61476,
    0.70285,
    0.62797,
    0.62135,
    0.61984,
    0.61755,
    0.61057,
    0.61129,
    0.60795,
    0.60764,
    0.60863,
    0.60811,
    0.60773,
    0.60732,
    0.60734,
    0.60828,
    0.60711
  ],
  "train_acc": [
    0.81045,
    0.97029,
    0.98497,
    0.98668,
    0.99317,
    0.99112,
    0.99658,
    0.99556,
    0.99454,
    0.99795,
    0.99693,
    0.99658,
    0.99966,
    0.99932,
    0.97029,
    0.99454,
    0.99488,
    0.99727,
    0.99556,
    0.99898,
    0.99898,
    1.0,
    1.0,
    0.99932,
    1.0,
    1.0,
    1.0,
    1.0,
    0.99966,
    1.0
  ],
  "val_loss": [
    0.84076,
    0.72504,
    0.67688,
    0.69526,
    0.66361,
    0.61225,
    0.77259,
    0.68046,
    0.65142,
    0.64138,
    0.6348,
    0.67032,
    0.67795,
    0.66301,
    0.68496,
    0.5957,
    0.59939,
    0.59581,
    0.59532,
    0.595,
    0.59476,
    0.59426,
    0.59451,
    0.5944,
    0.59455,
    0.59447,
    0.59431,
    0.59434,
    0.59436,
    0.59434
  ],
  "val_acc": [
    0.93548,
    0.93548,
    0.96774,
    0.96774,
    0.96774,
    1.0,
    0.93548,
    0.96774,
    0.96774,
    0.96774,
    0.96774,
    0.96774,
    0.96774,
    0.96774,
    0.96774,
    1.0,
    1.0,
    1.0,
    1.0,
    1.0,
    1.0,
    1.0,
    1.0,
    1.0,
    1.0,
    1.0,
    1.0,
    1.0,
    1.0,
    1.0
  ]
}